"id_reclamacion","id_cliente","fecha_reclamacion","fecha_resolucion","monto_reclamacion","tipo_reclamacion","estado_reclamacion"
197,40,"2022-12-25",2022-03-27,6169.6,"Robo","Rechazada"
110,88,"2022-11-29",2021-11-23,11365.76,"Robo","Pendiente"
62,160,"2022-08-09",2021-03-08,30569.16,"Accidente","Rechazada"
280,109,"2021-10-12",2023-11-13,17419.93,"Robo","Rechazada"
854,166,"2021-04-24",2023-03-26,30981.67,NA,"Pendiente"
356,69,"2021-09-17",2022-08-05,21311.86,"Accidente","Rechazada"
217,73,"2023-11-26",2021-08-24,21883.74,"Robo","Pendiente"
256,162,"2023-06-21",2022-02-18,45835.47,NA,"Rechazada"
986,272,"2022-07-06",2022-06-13,15915.93,"Accidente","Pendiente"
-101,151,"2023-01-04",2021-12-11,44235.23,"Otro","Rechazada"
5,156,"2023-06-07",2023-09-23,18688.64,NA,NA
983,281,"2022-11-05",2021-10-07,49049.12,"Robo","Rechazada"
477,152,"2021-07-30",2021-07-16,38846.04,"Accidente","Rechazada"
614,16,"2022-10-02",2022-09-03,6054.86,NA,NA
23,275,"2022-06-24",2023-09-04,NA,"Robo","Aprobada"
378,158,"2021-04-07",2022-08-24,33094.77,"Incendio","Rechazada"
902,40,"2023-05-19",2021-09-17,4548.64,NA,NA
445,13,"2021-10-18",2022-01-30,12476.83,"Incendio",NA
224,138,"2021-03-05",2022-12-04,34338.03,"Accidente","Pendiente"
-467,141,"31-12-2023",2023-12-21,526.07,NA,"Aprobada"
18,111,"2022-12-20",2022-10-07,4168.27,"Otro",NA
937,214,"2021-03-28",2022-11-13,29003.22,"Robo","Aprobada"
619,68,"2021-08-10",2022-04-24,28914.77,"Accidente","Rechazada"
750,9,"2021-04-29",2023-11-27,10229.94,NA,"Pendiente"
482,43,"2021-11-19",2021-07-21,2087.35,"Accidente","Invalido"
92,294,"2022-04-27",2022-09-04,28802.32,"Accidente","Pendiente"
926,196,"2023-07-16",2021-04-10,5595.24,"Robo","Aprobada"
78,172,"2023-10-28",2021-05-31,32618.06,"Robo","Rechazada"
304,182,"2021-12-20",2021-02-01,27316.37,"Accidente","Pendiente"
-3,286,"2023-08-24",2023-08-24,NA,"Robo","Rechazada"
9,293,"2023-03-22",2021-02-15,40301.33,"Otro","Rechazada"
97,163,"2023-10-03",2022-07-04,26126.01,"Accidente","Pendiente"
780,81,"2023-01-14",2022-02-20,31197.37,"Robo","Pendiente"
312,276,"2022-06-22",2021-06-04,45694.45,"Incendio","Aprobada"
301,248,"2021-04-05",2023-08-19,8632.39,"Incendio",NA
176,176,"2022-12-14",2023-06-30,35784.57,"Accidente","Pendiente"
62,270,"2021-05-02",2023-08-21,24652.94,"Otro","Pendiente"
945,224,"2022-12-19",2021-08-13,20189.9,NA,"Rechazada"
914,228,"2021-06-07",2021-12-06,3057.15,"Accidente","Aprobada"
-705,111,"31-12-2023",2021-03-15,23647.52,"Accidente","Aprobada"
855,164,"2021-09-13",2022-07-29,7721.93,"Robo","Rechazada"
720,23,"2023-02-26",2021-06-15,1074.44,NA,"Aprobada"
456,45,"2021-06-24",2021-06-21,10333.65,NA,"Rechazada"
680,235,"2021-09-29",2021-12-02,8448.29,"Otro","Pendiente"
778,300,"2022-04-14",2021-10-06,NA,"Incendio",NA
856,234,"2023-03-07",2021-08-24,3249.35,"Incendio","Rechazada"
598,190,"2021-03-12",2022-05-04,4076.99,"Otro","Rechazada"
765,289,"2021-01-15",2022-09-06,16540.25,"Otro","Aprobada"
887,14,"2023-06-25",2022-03-06,11179.92,NA,"Rechazada"
-7,126,"2021-12-18",2021-05-07,2915.94,NA,"Invalido"
339,114,"2022-01-21",2023-04-10,27064.2,"Robo","Aprobada"
440,21,"2022-11-06",2022-11-27,12214.48,"Incendio","Aprobada"
223,236,"2023-01-10",2023-10-26,41319.13,NA,"Pendiente"
879,81,"2021-04-03",2023-09-07,20020.08,"Incendio",NA
349,133,"2023-09-24",2023-04-07,28385.01,"Incendio","Pendiente"
423,260,"2021-04-24",2023-04-09,33350.65,NA,NA
958,208,"2023-04-21",2022-07-04,45476.88,"Accidente","Rechazada"
417,230,"2023-07-20",2023-05-20,1197.63,NA,NA
498,154,"2021-07-22",2023-10-04,49929.14,"Otro","Rechazada"
-381,219,"31-12-2023",2023-09-10,NA,"Otro",NA
498,149,"2022-07-06",2023-03-15,1241.63,NA,"Aprobada"
36,55,"2023-02-22",2021-05-31,24756.44,"Otro","Aprobada"
548,122,"2023-03-01",2023-02-11,5162.37,"Robo","Pendiente"
942,254,"2023-03-22",2022-01-17,44365.24,NA,"Aprobada"
408,9,"2022-03-29",2021-04-23,43074.43,"Otro","Aprobada"
830,155,"2021-05-25",2021-07-17,42468.89,NA,NA
315,22,"2022-04-02",2021-07-19,37821.14,"Incendio",NA
749,81,"2021-07-27",2023-09-03,40642.85,"Accidente","Rechazada"
758,193,"2021-10-30",2022-07-19,2344.63,NA,"Aprobada"
-638,270,"2022-09-07",2021-03-24,13084.97,"Otro","Rechazada"
978,81,"2022-12-28",2023-08-11,12591.22,"Incendio","Rechazada"
514,251,"2022-01-03",2022-10-31,2166.28,NA,"Rechazada"
541,92,"2022-01-13",2022-12-20,34838.22,"Otro","Aprobada"
751,89,"2021-06-02",2021-04-24,26949.51,"Accidente",NA
143,139,"2022-02-09",2021-07-01,NA,"Otro","Invalido"
505,267,"2023-07-17",2023-08-28,22874.77,"Otro","Rechazada"
54,236,"2023-08-10",2022-05-24,1829.21,NA,"Aprobada"
17,104,"2021-10-12",2023-05-18,43488.85,"Robo",NA
947,164,"2023-02-06",2021-12-19,7488.12,"Incendio","Pendiente"
-247,79,"31-12-2023",2023-06-14,33737.16,"Accidente",NA
565,81,"2022-12-04",2023-01-11,31564.44,NA,"Rechazada"
701,134,"2022-02-16",2022-12-27,34427.77,"Robo","Pendiente"
845,64,"2021-09-06",2021-10-18,36318.34,"Otro","Pendiente"
407,229,"2021-12-18",2022-12-24,18120.32,"Robo","Aprobada"
694,238,"2022-03-20",2023-07-31,32351.2,"Robo",NA
922,26,"2022-06-06",2021-03-07,17259.71,"Accidente","Rechazada"
397,54,"2023-03-05",2022-04-06,33844.13,"Robo","Aprobada"
128,83,"2021-02-26",2022-10-05,40187.02,"Incendio","Aprobada"
807,41,"2023-08-28",2023-04-11,41672.73,NA,"Aprobada"
-55,68,"2023-05-18",2021-05-27,NA,NA,"Aprobada"
143,280,"2021-10-13",2023-09-18,26254.14,"Robo","Aprobada"
848,228,"2023-06-16",2023-01-01,2110.57,"Incendio","Aprobada"
188,128,"2021-09-13",2022-01-11,5423.61,"Accidente","Pendiente"
158,234,"2021-09-25",2022-03-13,20225.95,"Incendio","Aprobada"
362,59,"2023-05-28",2023-09-17,4683.09,"Accidente","Aprobada"
825,279,"2023-10-13",2021-11-29,870.31,NA,"Aprobada"
725,222,"2022-05-29",2021-12-16,11973.94,NA,"Pendiente"
153,258,"2022-05-01",2023-05-20,11017.87,"Accidente",NA
30,225,"2021-11-26",2021-03-14,4040.95,"Accidente",NA
-960,266,"31-12-2023",2021-01-26,34676.66,"Incendio","Invalido"
587,83,"2023-08-26",2021-01-21,28725.61,"Robo",NA
740,9,"2023-02-26",2022-11-09,40527.65,"Otro","Aprobada"
721,251,"2023-06-08",2023-05-21,14283.32,"Otro","Pendiente"
500,275,"2021-08-08",2021-06-18,11450.42,"Incendio",NA
88,127,"2022-03-05",2021-08-11,NA,"Accidente",NA
174,169,"2021-07-16",2022-05-15,8426.27,"Otro",NA
439,94,"2023-03-29",2022-01-11,39937.61,"Accidente","Aprobada"
827,287,"2021-12-20",2023-02-06,15988.67,"Accidente",NA
126,220,"2023-10-22",2022-01-10,47866.35,"Otro",NA
-737,173,"2023-06-18",2021-07-23,36285.15,NA,NA
660,248,"2023-08-12",2023-12-26,31237.01,NA,"Rechazada"
364,153,"2022-07-07",2022-07-16,12816.95,"Accidente",NA
351,78,"2021-01-13",2021-08-07,14042.81,"Accidente","Aprobada"
824,141,"2023-02-10",2021-05-10,35892.01,NA,"Aprobada"
61,205,"2021-11-23",2023-10-06,49245.13,"Otro","Pendiente"
214,274,"2023-05-28",2022-08-17,35621.68,NA,"Rechazada"
186,172,"2021-06-25",2022-08-15,24631.63,"Otro","Pendiente"
209,249,"2021-01-11",2023-08-20,22841,"Robo","Rechazada"
699,61,"2022-05-22",2022-12-11,5774.97,NA,"Rechazada"
-999,35,"31-12-2023",2022-02-21,NA,"Incendio",NA
678,236,"2022-09-24",2022-02-07,41010.56,"Otro",NA
660,65,"2021-04-06",2021-07-11,40255.97,NA,"Aprobada"
119,237,"2023-12-10",2022-02-18,27053.04,"Accidente","Aprobada"
684,248,"2022-05-11",2022-10-27,48005.21,"Otro",NA
139,122,"2023-11-15",2023-03-02,48224.88,"Robo","Invalido"
825,147,"2023-09-19",2022-03-13,14804.52,"Incendio","Pendiente"
798,286,"2022-08-31",2022-07-13,45967.23,"Otro","Rechazada"
366,121,"2021-05-08",2021-05-27,21176.89,"Accidente","Aprobada"
423,174,"2022-07-24",2022-08-10,32135.27,NA,"Rechazada"
-955,18,"2022-11-16",2023-06-21,48183.31,"Robo",NA
310,289,"2022-01-08",2021-05-19,39467.9,"Accidente",NA
989,132,"2022-01-25",2021-08-27,2113.51,"Otro",NA
130,10,"2021-02-23",2023-07-01,49376.05,"Incendio","Pendiente"
879,191,"2023-05-18",2022-09-08,39141.19,"Robo",NA
291,275,"2022-10-29",2021-07-07,NA,"Otro","Rechazada"
988,167,"2021-08-23",2023-01-05,35542.81,"Otro",NA
594,229,"2021-05-03",2021-09-17,33207.89,"Robo","Aprobada"
965,51,"2021-04-21",2022-11-30,24515.47,"Accidente","Aprobada"
662,72,"2021-05-12",2023-09-12,35562.96,"Incendio",NA
-303,15,"31-12-2023",2022-10-08,49098.03,"Otro","Pendiente"
82,296,"2022-03-31",2022-04-29,8525.32,"Otro","Rechazada"
847,52,"2022-04-19",2023-06-23,31001.33,"Robo","Pendiente"
912,170,"2023-12-23",2023-07-23,41800.71,"Accidente","Aprobada"
26,109,"2021-05-15",2021-02-23,32418.13,"Incendio",NA
108,29,"2023-10-19",2023-11-15,2200.91,"Incendio","Aprobada"
472,211,"2021-11-02",2023-07-23,8324.39,"Accidente","Pendiente"
998,214,"2021-04-06",2023-02-09,14579.51,"Accidente","Pendiente"
472,289,"2021-09-23",2022-11-07,1281.92,"Robo",NA
58,130,"2021-08-11",2022-07-29,27064.14,"Incendio","Rechazada"
-963,119,"2021-11-15",2021-08-15,NA,"Robo","Invalido"
84,34,"2023-08-28",2021-01-26,36191.85,"Accidente","Rechazada"
453,71,"2023-01-29",2022-07-30,30109.64,NA,"Rechazada"
764,169,"2022-03-23",2022-09-12,33414.28,NA,"Rechazada"
336,111,"2022-03-01",2021-03-30,30465.9,"Accidente",NA
255,191,"2022-09-14",2022-10-26,21205.26,"Incendio","Rechazada"
194,199,"2021-12-19",2021-12-30,854.96,NA,"Pendiente"
868,20,"2021-02-28",2023-01-31,17383.2,"Incendio","Pendiente"
696,2,"2023-12-19",2021-11-08,9257.77,NA,"Pendiente"
590,253,"2023-06-24",2023-11-10,25301.63,"Accidente",NA
-483,152,"31-12-2023",2022-06-07,15814.8,"Robo",NA
94,86,"2023-08-18",2021-09-27,12458.96,NA,NA
657,73,"2023-09-09",2022-05-07,49798.43,"Otro","Pendiente"
844,40,"2021-02-06",2022-12-16,4159.8,"Otro","Pendiente"
922,220,"2022-02-28",2022-03-04,16107.06,"Incendio",NA
758,242,"2022-10-16",2021-08-01,NA,NA,NA
377,163,"2022-09-05",2023-11-11,21063.88,"Incendio","Pendiente"
75,194,"2023-10-23",2022-04-19,30143.78,NA,"Aprobada"
614,58,"2021-03-27",2022-03-17,23293.03,"Incendio","Aprobada"
418,4,"2022-05-12",2021-03-27,3278.09,"Accidente","Aprobada"
-696,184,"2023-11-15",2021-02-03,20483.59,"Otro","Aprobada"
397,1,"2022-08-30",2022-04-20,7146.36,NA,"Pendiente"
633,290,"2021-09-08",2023-10-21,33448.97,"Incendio","Pendiente"
794,260,"2022-12-14",2022-01-07,40426.01,"Otro","Aprobada"
244,29,"2021-02-18",2021-06-07,34596.48,"Accidente","Aprobada"
407,271,"2022-10-24",2022-03-28,22004.45,"Incendio","Invalido"
938,154,"2022-08-20",2023-11-14,10590.98,"Otro",NA
693,294,"2023-01-05",2023-09-21,24070.14,NA,NA
172,118,"2023-05-24",2021-08-23,11252.44,"Otro","Rechazada"
384,110,"2021-11-17",2022-05-02,26741.05,"Accidente",NA
-812,166,"31-12-2023",2022-07-27,NA,NA,"Pendiente"
906,264,"2023-02-03",2023-05-31,10320.71,"Incendio",NA
172,153,"2023-04-14",2023-06-06,10094.16,"Robo",NA
131,54,"2023-05-07",2022-04-16,41084.22,NA,"Pendiente"
507,54,"2022-10-11",2023-11-12,4865.83,"Robo","Aprobada"
778,104,"2021-09-09",2021-06-17,19460.8,"Otro","Aprobada"
965,300,"2021-03-22",2023-08-19,11046.93,"Accidente",NA
202,81,"2023-11-03",2023-07-24,9887.55,NA,NA
25,272,"2021-05-08",2022-02-16,7169.95,NA,NA
21,183,"2022-07-17",2023-12-05,17135.03,NA,NA
-891,151,"2023-08-24",2023-06-09,4024.98,"Incendio",NA
477,234,"2023-08-18",2021-06-22,29124.61,"Accidente",NA
209,138,"2023-06-05",2023-09-03,26000.79,NA,NA
590,62,"2021-11-05",2022-09-27,7942.02,"Otro","Rechazada"
412,292,"2022-09-26",2021-12-13,47533.28,"Incendio","Aprobada"
855,219,"2023-07-04",2021-12-31,NA,NA,"Pendiente"
32,187,"2022-01-13",2022-03-28,17078.84,NA,"Aprobada"
661,137,"2022-08-24",2022-07-18,15942.15,"Accidente","Pendiente"
407,273,"2022-08-15",2023-01-01,21024.77,"Robo",NA
800,156,"2022-11-25",2022-08-07,41090.51,"Accidente",NA
-672,273,"31-12-2023",2022-09-18,32906.96,"Accidente","Invalido"
121,83,"2022-09-16",2022-02-21,35744,"Otro","Pendiente"
228,110,"2023-03-09",2023-11-08,19117.73,NA,"Aprobada"
834,220,"2023-12-27",2022-11-08,7825.54,NA,"Rechazada"
533,124,"2021-09-13",2023-06-01,17899.31,"Incendio","Rechazada"
144,221,"2021-12-31",2021-08-31,46555.24,"Robo","Pendiente"
127,62,"2023-02-15",2023-01-07,44886.22,"Accidente","Rechazada"
383,198,"2023-04-05",2022-07-12,35407.95,"Incendio","Aprobada"
139,277,"2023-12-04",2023-01-16,4310.71,"Accidente","Pendiente"
370,24,"2021-10-24",2022-03-10,5527.05,"Accidente",NA
-476,41,"2023-06-14",2023-05-08,NA,NA,"Rechazada"
348,213,"2022-08-01",2022-07-28,17875.74,"Otro","Rechazada"
311,179,"2021-09-16",2022-01-28,18446.84,"Accidente",NA
500,202,"2021-01-22",2021-05-16,899.19,"Accidente","Rechazada"
251,192,"2021-05-12",2023-10-03,20977.32,"Incendio","Rechazada"
744,162,"2021-03-30",2022-12-30,18265.42,NA,"Aprobada"
372,215,"2021-03-31",2021-11-19,21944.92,"Robo",NA
593,245,"2021-11-25",2022-01-29,19882.84,"Otro","Rechazada"
723,136,"2023-11-03",2022-12-04,6674.32,"Robo","Pendiente"
27,40,"2021-01-28",2022-04-29,38173.45,"Accidente","Pendiente"
-219,220,"31-12-2023",2024-01-01,44635.93,"Accidente","Pendiente"
770,62,"2022-08-22",2021-05-15,25870.96,NA,NA
853,241,"2022-10-03",2023-07-17,12502.36,"Accidente","Rechazada"
716,288,"2021-07-15",2022-01-29,19121.18,"Otro","Aprobada"
285,209,"2023-03-30",2021-02-09,41529.46,"Otro","Aprobada"
818,121,"2021-02-12",2023-05-02,NA,"Accidente","Invalido"
229,202,"2022-03-24",2022-02-28,46603.71,"Accidente","Rechazada"
883,76,"2022-02-28",2021-09-14,17102.3,NA,"Aprobada"
694,151,"2023-04-05",2023-06-21,25457.6,"Accidente",NA
262,146,"2021-05-29",2021-07-30,32155.57,"Otro","Pendiente"
-670,24,"2021-10-14",2021-08-05,15851.43,"Incendio",NA
116,156,"2022-05-19",2023-07-09,20724.87,"Robo","Aprobada"
937,52,"2021-12-05",2022-06-27,6185.06,"Otro","Aprobada"
118,173,"2021-08-07",2021-09-03,35089.42,NA,"Aprobada"
295,280,"2021-01-16",2022-07-03,18651.33,"Incendio",NA
547,225,"2023-12-08",2021-01-09,3279.94,"Otro",NA
188,88,"2023-06-20",2023-10-03,9080.71,"Otro",NA
743,232,"2021-01-19",2022-11-27,27139.1,"Accidente","Pendiente"
981,81,"2023-03-04",2021-05-08,46732.85,NA,"Aprobada"
91,159,"2021-08-04",2021-01-18,32905.14,"Accidente","Aprobada"
-753,93,"31-12-2023",2022-03-12,NA,"Otro","Pendiente"
880,300,"2021-04-14",2022-10-15,37480.37,"Accidente","Pendiente"
610,244,"2022-06-25",2021-01-29,30421.5,"Accidente","Aprobada"
879,135,"2021-04-22",2022-10-05,44036.02,"Incendio",NA
271,112,"2022-08-28",2023-01-05,22864.94,"Robo","Rechazada"
860,243,"2023-07-09",2021-02-17,24998.58,NA,"Pendiente"
339,186,"2022-03-30",2021-02-05,642.36,"Robo","Aprobada"
367,198,"2021-06-29",2022-10-03,27225.66,NA,"Aprobada"
897,167,"2023-03-24",2023-04-12,19502.36,"Otro","Aprobada"
234,45,"2022-12-01",2023-08-19,14510.87,"Otro","Rechazada"
-133,56,"2021-03-27",2021-04-16,29057.28,"Accidente","Invalido"
171,98,"2023-04-10",2023-01-23,2834.69,"Otro","Pendiente"
613,47,"2021-10-18",2022-12-22,47236.14,"Incendio",NA
289,28,"2023-06-08",2021-07-27,5737.9,"Accidente",NA
162,229,"2022-08-29",2022-07-25,9129.88,NA,"Aprobada"
225,4,"2021-05-31",2021-05-16,NA,"Otro",NA
994,102,"2021-04-16",2022-11-13,3195.31,"Incendio","Pendiente"
761,25,"2023-05-03",2022-09-24,46465.32,NA,NA
427,77,"2021-02-10",2021-07-14,27030.44,"Accidente",NA
1000,172,"2023-05-11",2021-06-16,10092.26,"Incendio",NA
-333,295,"31-12-2023",2021-04-24,12081.86,"Incendio","Rechazada"
779,151,"2022-05-09",2022-06-08,45457.01,"Robo","Rechazada"
358,9,"2023-05-20",2021-06-30,37283.49,"Accidente","Pendiente"
224,182,"2021-01-07",2022-12-20,884.47,"Otro","Pendiente"
504,270,"2022-04-21",2022-12-28,20844.24,NA,"Pendiente"
405,50,"2021-12-28",2021-11-24,30892.27,"Accidente","Rechazada"
964,72,"2023-03-09",2022-12-02,49868.72,NA,"Aprobada"
525,243,"2023-01-01",2021-07-06,18942.22,"Incendio","Aprobada"
36,46,"2021-01-29",2021-07-10,30110.63,"Robo","Rechazada"
699,9,"2023-10-24",2023-01-04,39503.66,NA,"Pendiente"
-838,116,"2021-03-29",2021-04-01,NA,"Accidente",NA
427,157,"2023-03-11",2021-08-03,14015.21,"Robo","Rechazada"
707,51,"2021-03-26",2021-01-08,31695.29,"Incendio","Pendiente"
358,61,"2023-11-22",2023-08-19,39875.8,"Otro","Rechazada"
637,253,"2023-08-07",2021-04-23,49362.42,"Incendio","Rechazada"
577,209,"2022-12-15",2021-03-17,40637.29,"Accidente","Invalido"
479,169,"2022-05-13",2023-11-15,36888.77,"Otro",NA
3,208,"2023-02-18",2022-01-09,29074.59,"Robo","Rechazada"
945,231,"2022-11-15",2023-09-14,45646.26,"Otro","Rechazada"
373,63,"2021-10-13",2022-02-14,48944.36,"Robo","Aprobada"
-715,4,"31-12-2023",2023-04-12,43140.06,"Otro","Aprobada"
237,249,"2022-12-23",2023-02-07,25180.44,"Otro","Aprobada"
566,75,"2021-09-04",2022-07-05,6669.99,"Incendio","Rechazada"
59,142,"2022-10-13",2022-09-28,36972.61,"Incendio","Rechazada"
135,226,"2021-06-29",2022-02-24,40803.79,"Robo",NA
300,93,"2021-11-26",2022-07-25,NA,"Accidente","Rechazada"
817,290,"2022-06-13",2023-05-05,34303.32,"Accidente","Pendiente"
902,13,"2022-12-04",2021-12-03,34525.73,"Robo",NA
502,23,"2022-01-27",2022-11-14,14400.35,NA,"Aprobada"
260,202,"2023-04-07",2022-05-11,22346.07,"Otro",NA
-629,245,"2021-06-18",2021-02-24,20020.94,"Otro","Aprobada"
911,288,"2021-10-07",2021-03-12,11378.62,"Otro","Pendiente"
907,225,"2021-12-07",2021-02-19,34162.26,"Otro","Rechazada"
509,28,"2022-03-18",2021-04-04,24031.24,"Robo","Aprobada"
214,51,"2021-01-14",2021-03-31,19571.33,NA,"Rechazada"
185,53,"2023-10-16",2021-09-04,35184.8,"Otro","Rechazada"
31,37,"2022-11-23",2023-01-04,5331.14,"Incendio","Aprobada"
273,166,"2021-01-09",2022-11-04,3038.62,NA,"Rechazada"
930,298,"2022-08-08",2021-09-03,29577.37,"Otro",NA
112,54,"2023-05-28",2022-01-07,37897.13,"Incendio",NA
-661,27,"31-12-2023",2022-11-29,NA,NA,"Invalido"
317,116,"2022-12-08",2023-08-17,5942.35,NA,"Aprobada"
976,246,"2022-11-15",2023-07-02,15968.01,"Otro","Rechazada"
596,45,"2021-09-07",2022-12-24,17940.33,"Otro",NA
517,262,"2022-05-10",2021-09-06,19888.16,"Accidente","Rechazada"
738,175,"2021-08-15",2022-06-23,30656.86,NA,NA
462,287,"2022-04-28",2021-07-10,49372.54,"Robo","Pendiente"
563,157,"2022-01-21",2021-10-19,20055.63,"Incendio","Rechazada"
909,5,"2023-11-16",2023-06-17,42763.64,"Otro","Rechazada"
838,254,"2022-04-05",2022-04-29,7761.62,"Accidente",NA
-644,246,"2021-04-08",2021-06-17,1145.07,"Accidente","Rechazada"
702,259,"2023-03-15",2022-07-11,45270.81,"Incendio","Aprobada"
202,79,"2021-06-16",2021-09-25,31455.99,"Accidente","Rechazada"
236,240,"2021-11-08",2021-01-12,18484.09,"Incendio",NA
499,7,"2021-11-23",2022-05-14,12818.25,"Accidente","Aprobada"
886,3,"2023-12-03",2022-05-31,NA,"Accidente","Rechazada"
44,24,"2021-01-22",2023-09-11,31009.03,"Accidente","Aprobada"
216,175,"2022-07-26",2023-06-09,28239.67,NA,"Rechazada"
438,167,"2023-04-12",2021-11-29,17646.26,"Accidente",NA
257,219,"2023-05-22",2023-04-13,6255.35,"Incendio",NA
-759,246,"31-12-2023",2023-08-01,15222.5,"Incendio",NA
201,67,"2022-03-26",2022-06-23,34001.14,NA,"Aprobada"
43,299,"2021-11-28",2022-02-07,44792.15,"Accidente","Pendiente"
580,95,"2022-09-27",2023-02-10,5346.05,"Accidente","Rechazada"
437,98,"2022-09-02",2021-06-06,47325.76,"Accidente","Pendiente"
24,17,"2022-09-24",2023-04-26,32547.12,NA,"Invalido"
197,282,"2021-07-15",2022-11-24,41411.03,"Accidente",NA
717,174,"2021-05-25",2023-12-23,28898.78,"Accidente","Rechazada"
16,286,"2022-02-06",2021-05-09,40675.97,"Robo",NA
551,227,"2022-02-22",2022-07-20,46942.49,"Robo","Rechazada"
-262,158,"2023-07-23",2022-01-06,NA,"Robo","Aprobada"
236,27,"2021-04-23",2023-06-03,46988.75,"Accidente",NA
931,223,"2022-03-25",2021-06-01,23017.71,"Incendio",NA
885,286,"2022-12-05",2021-12-13,5897.65,"Incendio","Pendiente"
328,210,"2022-01-20",2022-11-26,43075.52,"Otro","Rechazada"
16,268,"2022-08-17",2022-01-05,2790.96,NA,"Aprobada"
75,193,"2021-04-09",2022-03-24,45995.29,NA,NA
946,207,"2023-11-17",2021-10-25,9534.74,NA,"Aprobada"
638,201,"2023-06-17",2023-06-18,26791.35,"Accidente",NA
107,91,"2021-04-14",2023-04-28,4836.89,NA,"Rechazada"
-158,174,"31-12-2023",2022-02-19,19124.83,"Accidente",NA
103,130,"2023-03-04",2021-08-26,1201.19,"Otro","Pendiente"
518,132,"2023-04-01",2022-04-09,15266.41,"Accidente",NA
192,93,"2022-01-04",2023-08-01,8357.65,"Accidente","Aprobada"
809,231,"2023-07-03",2022-07-09,32737.86,"Robo",NA
460,272,"2021-11-29",2022-09-21,NA,"Otro","Pendiente"
296,274,"2023-04-14",2023-07-23,29285.03,NA,"Aprobada"
945,178,"2021-07-26",2022-07-07,47129.68,"Robo","Pendiente"
486,79,"2023-07-30",2021-11-16,28095.04,"Incendio","Rechazada"
887,181,"2021-07-19",2023-03-27,7504.44,"Incendio",NA
-188,121,"2021-11-18",2023-09-17,22715.52,"Accidente","Invalido"
817,292,"2022-05-26",2021-08-24,2946.01,"Incendio","Aprobada"
919,75,"2021-06-27",2021-05-18,37052.1,"Otro",NA
854,199,"2022-08-30",2023-09-11,34605.87,"Otro","Rechazada"
533,25,"2021-07-20",2023-07-03,44548.91,NA,"Rechazada"
406,3,"2022-09-19",2022-02-28,15471.7,NA,"Aprobada"
294,271,"2022-09-19",2022-05-23,19094.06,"Otro",NA
527,290,"2022-04-11",2023-06-02,25975.98,"Incendio",NA
593,164,"2021-05-30",2022-08-13,49576.1,"Accidente",NA
514,230,"2023-05-19",2021-08-29,8980.03,"Accidente",NA
-313,234,"31-12-2023",2023-03-11,NA,"Incendio","Aprobada"
246,258,"2022-04-12",2023-10-08,2928.4,NA,"Aprobada"
461,179,"2021-03-22",2022-12-21,27513.41,"Otro","Pendiente"
177,64,"2021-06-02",2023-10-23,26590.05,"Otro","Pendiente"
254,63,"2022-01-31",2023-03-06,26164.65,"Robo","Pendiente"
632,13,"2023-01-11",2021-01-29,47840.75,"Otro","Pendiente"
710,243,"2023-02-24",2023-09-22,44087.97,"Accidente",NA
79,147,"2021-03-05",2022-04-11,10432.96,"Incendio",NA
111,296,"2023-03-21",2023-06-01,30188.75,"Incendio",NA
530,261,"2021-05-02",2023-06-10,7225.92,NA,NA
-515,39,"2023-11-08",2022-06-30,41210.05,"Incendio",NA
58,51,"2023-12-07",2021-12-01,25843.35,"Otro",NA
449,17,"2021-05-01",2023-03-07,42943.42,NA,NA
55,165,"2022-02-18",2021-09-03,19728.68,"Accidente",NA
259,40,"2023-03-06",2022-08-30,12542.35,"Robo","Aprobada"
124,149,"2021-07-13",2022-11-20,NA,"Accidente","Invalido"
958,127,"2021-02-26",2022-05-22,15913.96,"Robo",NA
287,254,"2021-03-12",2021-07-02,31930.56,"Otro",NA
746,20,"2023-08-28",2023-06-25,33328.86,NA,NA
858,16,"2021-07-22",2021-06-08,27574.59,"Incendio","Aprobada"
-155,38,"31-12-2023",2022-08-01,25196.79,"Accidente","Pendiente"
566,65,"2021-10-04",2021-08-13,30908.03,"Robo","Rechazada"
618,159,"2021-02-03",2023-07-17,27185.46,NA,NA
251,169,"2021-05-16",2022-01-27,43922.05,"Incendio","Rechazada"
276,158,"2022-02-03",2023-04-22,12605.17,NA,"Aprobada"
29,64,"2021-12-03",2021-10-21,15055.28,NA,"Pendiente"
353,185,"2022-06-03",2021-04-28,34405.65,"Incendio",NA
599,299,"2021-03-10",2021-12-27,13772.79,"Accidente",NA
639,99,"2023-09-27",2021-10-08,36515.75,"Incendio","Aprobada"
711,174,"2021-02-01",2022-07-11,41649.71,NA,"Pendiente"
-566,171,"2022-08-07",2023-10-22,NA,"Robo","Rechazada"
697,51,"2021-04-16",2023-04-11,20173.48,NA,"Pendiente"
861,116,"2023-06-25",2022-11-03,13318.88,"Otro","Pendiente"
572,103,"2021-12-22",2022-11-20,7217.62,"Otro","Aprobada"
143,34,"2022-01-15",2021-09-10,28695.96,"Robo","Pendiente"
832,40,"2023-02-13",2022-11-27,21694.62,"Accidente","Pendiente"
573,189,"2022-03-14",2021-07-14,48747.98,"Robo","Aprobada"
555,66,"2022-03-07",2021-10-29,16256.96,NA,"Aprobada"
950,105,"2021-05-25",2021-11-23,42717.06,"Accidente","Pendiente"
838,2,"2023-11-23",2023-09-17,43535.11,"Accidente","Pendiente"
-815,1,"31-12-2023",2023-09-11,42284.34,"Otro","Invalido"
276,8,"2023-10-24",2021-07-14,45630.49,"Otro",NA
949,61,"2023-06-23",2021-03-18,10478.41,"Incendio","Rechazada"
558,154,"2021-01-20",2021-02-09,10160.47,"Accidente","Aprobada"
212,34,"2022-03-09",2021-09-29,17639.36,"Accidente","Rechazada"
306,91,"2022-01-07",2022-11-26,NA,"Robo",NA
14,265,"2023-12-24",2023-04-30,39320.13,"Robo",NA
71,29,"2021-01-22",2021-05-18,34156.24,"Incendio","Rechazada"
543,138,"2023-03-25",2021-06-11,1617.09,NA,"Aprobada"
477,158,"2022-10-26",2021-03-11,17969.03,"Robo","Aprobada"
-984,150,"2023-12-16",2023-09-12,28658.54,"Otro","Aprobada"
641,40,"2023-01-23",2021-04-10,43078.45,"Otro","Pendiente"
594,153,"2023-10-31",2022-03-26,30759.81,"Incendio","Rechazada"
661,149,"2022-06-14",2021-03-30,9141.66,"Incendio","Aprobada"
98,11,"2023-08-07",2022-11-12,16600.96,"Otro",NA
368,23,"2022-09-23",2023-06-13,30594.22,"Otro","Rechazada"
75,146,"2022-12-10",2022-07-23,1706.85,"Robo",NA
769,148,"2022-03-30",2023-01-03,15230.86,NA,"Pendiente"
313,272,"2022-09-13",2023-10-29,36771.45,"Otro","Rechazada"
782,11,"2022-06-11",2021-10-04,48141.41,"Incendio","Aprobada"
-213,203,"31-12-2023",2022-04-26,NA,"Incendio","Aprobada"
531,198,"2023-04-02",2022-12-09,8155.01,NA,"Pendiente"
387,110,"2021-07-26",2022-12-02,43419.23,"Accidente",NA
49,129,"2023-12-05",2023-09-11,18605.11,"Otro","Aprobada"
133,164,"2022-06-24",2021-12-15,809.71,"Robo",NA
120,113,"2021-08-04",2022-07-14,17423.05,"Incendio","Invalido"
93,248,"2021-07-09",2021-02-05,23077.18,NA,"Aprobada"
513,13,"2021-03-23",2023-04-23,2191.19,"Robo","Aprobada"
688,176,"2023-08-09",2021-04-29,9648.18,"Robo",NA
694,35,"2023-03-09",2023-08-01,41005.02,"Otro",NA
-943,57,"2022-05-16",2021-02-11,5596.2,NA,"Rechazada"
807,56,"2022-07-13",2021-04-28,9738.9,"Accidente","Pendiente"
532,191,"2023-04-01",2022-04-11,23178.77,"Robo","Pendiente"
526,139,"2021-08-31",2021-04-27,38353.54,"Incendio","Rechazada"
482,95,"2023-05-24",2021-07-15,1110.21,"Robo","Pendiente"
233,168,"2022-08-05",2022-02-25,NA,"Incendio",NA
771,242,"2023-02-22",2022-05-11,46098.12,"Incendio","Rechazada"
282,207,"2023-11-15",2021-08-08,11042.2,"Incendio","Aprobada"
637,69,"2022-02-09",2021-05-05,32122.15,NA,"Aprobada"
704,85,"2021-10-20",2023-10-16,19782.81,"Otro",NA
-513,147,"31-12-2023",2023-03-18,9585.49,"Incendio","Pendiente"
903,227,"2021-03-28",2022-09-18,38671.63,"Incendio",NA
843,144,"2022-12-30",2021-03-10,13705.94,"Robo","Aprobada"
239,271,"2023-12-05",2021-02-24,14054.76,"Robo","Aprobada"
509,246,"2021-03-03",2022-06-24,24380.54,"Incendio","Aprobada"
652,125,"2021-06-29",2021-05-24,40479.11,"Incendio","Pendiente"
158,182,"2022-03-14",2021-02-01,42231.58,NA,"Aprobada"
821,35,"2022-10-19",2022-02-28,10603.08,"Robo","Aprobada"
153,95,"2021-03-05",2022-02-17,32736.81,"Incendio","Rechazada"
291,162,"2021-01-02",2022-10-09,8253.19,"Robo","Rechazada"
-748,69,"2023-08-20",2022-01-18,NA,"Otro","Invalido"
355,198,"2023-06-23",2022-06-29,11564.22,"Accidente","Pendiente"
259,265,"2023-11-22",2023-03-27,29367.01,"Robo","Aprobada"
300,222,"2021-09-09",2021-03-28,14693.95,NA,"Pendiente"
107,223,"2022-06-22",2023-11-13,48804.91,"Robo",NA
96,182,"2021-07-10",2023-11-17,12465.15,"Otro","Aprobada"
643,180,"2023-05-28",2022-04-28,33507.55,"Otro","Rechazada"
786,97,"2021-04-17",2023-06-26,21051.01,"Robo","Aprobada"
34,222,"2023-04-16",2021-09-10,37077.42,"Accidente",NA
679,256,"2022-11-05",2023-03-17,26664.95,"Otro",NA
-562,294,"31-12-2023",2023-02-03,36436.92,"Accidente","Pendiente"
908,213,"2023-02-13",2022-10-06,24438.38,"Incendio","Rechazada"
958,144,"2023-09-12",2023-09-10,15107.96,NA,NA
626,167,"2023-03-16",2022-08-31,29707.17,NA,"Aprobada"
722,132,"2023-12-24",2022-05-09,41408.37,"Incendio","Aprobada"
355,130,"2021-10-22",2022-05-20,NA,"Accidente","Aprobada"
536,203,"2021-01-15",2021-12-13,48731.3,"Otro","Aprobada"
348,206,"2021-03-01",2022-09-23,45002.68,"Otro","Pendiente"
13,36,"2021-05-22",2023-05-09,7637.94,"Otro","Pendiente"
163,139,"2023-10-09",2022-01-09,45107.52,"Incendio",NA
-49,280,"2021-04-30",2022-12-11,27970.68,"Robo","Rechazada"
832,174,"2023-01-13",2022-09-24,36818.62,"Accidente","Rechazada"
115,19,"2023-11-12",2022-09-14,6495.36,"Accidente",NA
251,241,"2021-03-05",2023-10-18,6065.29,"Incendio","Pendiente"
991,178,"2022-07-13",2022-10-23,37095.29,"Robo",NA
418,35,"2023-06-19",2023-08-25,21235.97,"Robo","Invalido"
516,148,"2021-11-09",2022-04-22,47328.51,NA,NA
936,263,"2022-10-08",2022-03-25,37354.61,"Robo",NA
402,114,"2022-07-10",2021-03-02,9750.39,"Otro",NA
995,140,"2022-03-29",2021-11-26,38268.84,"Otro","Aprobada"
-90,28,"31-12-2023",2021-08-20,NA,"Otro",NA
709,187,"2022-03-31",2022-01-05,26116.4,NA,NA
112,125,"2022-05-21",2022-09-08,17879.57,"Robo","Rechazada"
795,287,"2022-11-26",2021-07-11,47334.94,"Incendio","Pendiente"
238,190,"2022-04-22",2023-09-01,12403.27,"Otro","Aprobada"
28,293,"2023-04-05",2021-11-27,13311,"Incendio",NA
681,299,"2022-04-18",2021-02-16,37626.34,"Incendio","Aprobada"
800,55,"2023-01-05",2021-08-29,13735.5,NA,NA
925,40,"2023-01-28",2023-08-22,49841.42,NA,"Aprobada"
668,26,"2022-04-11",2022-09-24,14164.65,"Accidente","Aprobada"
-482,171,"2021-10-08",2023-02-11,27108.18,"Accidente","Pendiente"
274,232,"2023-12-04",2021-04-21,11103.77,"Robo","Aprobada"
625,173,"2021-12-19",2022-11-18,9689.24,"Otro","Pendiente"
959,21,"2021-06-23",2021-02-04,17960.43,"Robo",NA
383,144,"2021-08-27",2021-05-05,37382.64,"Accidente",NA
795,254,"2022-01-06",2023-09-24,NA,"Accidente","Aprobada"
627,135,"2021-10-31",2023-07-19,14771.19,NA,"Aprobada"
999,299,"2022-03-26",2022-04-30,42300.31,"Otro","Pendiente"
851,73,"2022-04-03",2021-05-01,41588.7,"Robo","Aprobada"
854,252,"2023-03-26",2022-03-26,39186.79,"Incendio","Pendiente"
-715,298,"31-12-2023",2022-10-03,23310.85,NA,"Invalido"
478,62,"2021-10-14",2023-02-12,23822.11,"Incendio","Rechazada"
853,257,"2021-11-14",2023-11-27,4292.61,"Accidente","Rechazada"
60,232,"2023-02-09",2021-01-12,17089.86,"Robo",NA
419,238,"2021-12-21",2021-10-20,29123.18,"Incendio",NA
493,150,"2022-10-21",2021-09-15,31384.9,NA,"Aprobada"
100,112,"2021-12-26",2023-02-12,40802.13,"Otro",NA
941,67,"2022-03-12",2023-10-10,41369.92,"Accidente","Rechazada"
808,213,"2021-12-21",2021-09-08,23248.03,"Incendio",NA
288,108,"2021-01-26",2022-08-28,45552.57,"Otro",NA
-978,78,"2023-05-18",2021-04-10,NA,"Otro","Rechazada"
886,250,"2023-07-10",2023-05-29,8351,"Accidente","Aprobada"
669,212,"2022-03-24",2023-01-01,23138.12,NA,"Rechazada"
609,33,"2021-12-16",2023-04-23,15524,"Incendio",NA
207,195,"2021-07-26",2023-10-27,43106.7,"Accidente",NA
469,292,"2023-01-14",2022-08-13,9227.81,"Incendio","Rechazada"
787,18,"2021-06-27",2021-05-21,21537.87,"Robo","Rechazada"
519,299,"2022-10-07",2022-07-22,32282.79,"Otro","Rechazada"
568,53,"2021-04-24",2021-03-20,15191.68,NA,NA
822,38,"2022-08-19",2022-08-22,27021.89,"Robo",NA
-346,139,"31-12-2023",2021-07-19,3445.67,"Robo",NA
832,23,"2021-09-05",2021-12-31,43163.11,NA,"Aprobada"
891,63,"2023-03-25",2023-03-22,25703.81,"Incendio","Rechazada"
735,149,"2021-01-24",2023-04-17,37986.75,"Otro","Rechazada"
245,298,"2022-04-25",2021-09-06,5205.79,"Incendio","Aprobada"
464,196,"2023-11-19",2022-12-05,NA,NA,"Invalido"
651,139,"2023-01-25",2022-01-19,38821.32,"Accidente","Aprobada"
262,154,"2023-06-02",2022-07-11,39493.25,NA,"Rechazada"
23,253,"2023-09-21",2023-03-23,33975.46,"Robo","Aprobada"
785,115,"2023-02-02",2022-01-09,37371.34,NA,"Pendiente"
-349,202,"2022-09-17",2022-09-11,15260.21,"Otro","Pendiente"
324,284,"2021-04-03",2022-04-05,10052.36,NA,"Pendiente"
794,225,"2021-06-15",2022-10-15,10331.22,NA,NA
47,242,"2021-04-17",2023-01-24,16561.72,"Incendio",NA
331,242,"2023-04-03",2022-08-10,36668.03,NA,"Pendiente"
969,50,"2022-01-29",2022-03-14,35781.94,"Otro","Pendiente"
206,224,"2021-12-24",2022-11-09,42442.34,"Incendio","Pendiente"
517,17,"2022-03-03",2022-10-15,26247.84,"Robo","Rechazada"
722,111,"2021-01-23",2022-01-07,12432.46,NA,"Rechazada"
464,25,"2023-08-21",2021-10-23,49088.05,"Incendio",NA
-609,52,"31-12-2023",2023-07-20,NA,"Incendio","Rechazada"
586,176,"2021-01-21",2023-08-31,31513.31,"Incendio","Aprobada"
384,124,"2022-01-17",2021-09-21,38665.52,"Accidente",NA
884,160,"2022-02-08",2021-08-23,8870.27,"Robo","Rechazada"
4,28,"2023-02-22",2021-11-22,2923.12,"Otro","Pendiente"
61,130,"2021-06-02",2021-06-17,41706.98,"Accidente","Rechazada"
826,132,"2021-09-21",2022-11-21,19436.19,"Otro",NA
500,238,"2021-01-17",2022-04-10,4797.79,"Robo","Aprobada"
101,274,"2021-11-29",2023-06-29,34100.09,"Otro","Rechazada"
968,210,"2021-01-23",2021-12-09,24069.48,"Accidente","Aprobada"
-244,116,"2022-01-29",2023-01-13,44273.84,"Incendio","Invalido"
987,155,"2023-08-24",2022-05-02,47163.09,"Otro","Aprobada"
864,115,"2023-07-09",2023-02-22,3898.38,NA,"Rechazada"
899,101,"2021-12-13",2023-09-16,38639.92,NA,NA
746,173,"2021-04-13",2022-01-25,14387.66,"Incendio","Rechazada"
806,85,"2023-09-13",2022-06-06,NA,"Robo",NA
605,208,"2023-12-10",2022-12-25,35617.53,"Incendio","Pendiente"
952,222,"2022-01-21",2023-08-15,2569.16,"Otro","Pendiente"
650,209,"2022-10-29",2021-12-18,47648.14,"Accidente","Aprobada"
37,139,"2023-02-27",2022-10-27,29739.94,"Incendio","Aprobada"
-316,182,"31-12-2023",2021-08-31,10566.92,"Robo",NA
404,15,"2023-04-18",2021-12-08,35744.3,"Robo",NA
564,225,"2021-12-27",2022-06-02,3880.77,"Otro","Pendiente"
428,100,"2023-07-08",2022-10-10,32718.93,NA,"Aprobada"
506,172,"2023-05-13",2022-11-03,45591.59,"Accidente","Rechazada"
169,42,"2022-05-18",2021-09-11,48247.82,"Otro","Pendiente"
210,14,"2023-02-08",2021-04-01,17515.33,"Robo","Aprobada"
98,54,"2021-03-04",2022-07-05,47619.18,"Robo","Aprobada"
918,219,"2022-08-18",2022-03-27,8630.49,"Otro","Aprobada"
34,103,"2021-09-24",2023-12-18,40380.74,"Robo","Pendiente"
-960,115,"2023-11-06",2022-06-08,NA,"Otro",NA
980,197,"2022-09-07",2023-02-28,2606.7,"Robo","Rechazada"
743,84,"2022-05-30",2023-12-20,32868.19,"Robo","Aprobada"
427,120,"2021-03-04",2021-12-03,35844.71,"Accidente","Aprobada"
116,156,"2023-07-17",2022-09-10,11422.05,"Accidente","Pendiente"
363,87,"2023-11-16",2022-10-30,43140.51,"Robo","Invalido"
400,120,"2023-03-27",2022-06-20,40837.41,"Robo","Pendiente"
456,196,"2023-01-18",2023-08-23,49219.68,"Accidente",NA
350,44,"2022-04-09",2022-01-17,42566.07,"Robo","Rechazada"
543,95,"2023-09-10",2021-02-13,40549.75,NA,"Rechazada"
-1000,296,"31-12-2023",2023-02-16,20599.49,"Robo","Rechazada"
474,133,"2022-06-11",2021-11-24,4524.59,"Incendio","Aprobada"
677,22,"2021-08-24",2022-05-26,38571.37,"Robo","Rechazada"
909,170,"2022-05-19",2023-02-08,23820.7,NA,"Aprobada"
312,193,"2023-04-27",2022-12-13,39747.99,"Accidente","Rechazada"
321,126,"2023-09-18",2022-11-28,NA,"Incendio","Pendiente"
876,61,"2022-08-01",2021-07-08,23311.05,"Otro",NA
940,102,"2021-10-26",2023-12-07,19699.02,"Robo","Rechazada"
456,32,"2023-05-30",2021-11-12,8010.21,"Robo","Aprobada"
749,111,"2023-02-10",2021-06-24,33905.48,"Accidente","Aprobada"
-841,295,"2022-12-25",2021-03-27,11328.69,"Otro","Pendiente"
979,200,"2023-06-02",2021-03-01,16542.34,NA,"Aprobada"
257,86,"2023-06-01",2022-12-16,3042.01,NA,"Aprobada"
333,284,"2021-03-22",2021-08-15,3503.46,"Incendio","Aprobada"
417,131,"2022-01-26",2023-09-18,12603.39,"Accidente","Pendiente"
254,150,"2023-12-25",2022-10-25,25823.11,"Incendio","Rechazada"
692,107,"2022-11-21",2023-06-18,16324.41,"Accidente","Aprobada"
821,74,"2023-05-28",2021-01-23,44499.69,"Incendio","Pendiente"
115,126,"2021-03-23",2022-10-08,46394.76,"Accidente",NA
383,53,"2022-03-27",2021-09-10,48020.32,"Otro","Rechazada"
-629,240,"31-12-2023",2022-05-20,NA,NA,"Invalido"
1,185,"2021-09-07",2021-04-06,1660.84,"Otro","Aprobada"
501,289,"2023-08-12",2021-11-07,31524.89,"Accidente","Rechazada"
736,33,"2022-12-06",2023-07-02,16412.08,NA,NA
416,42,"2023-04-02",2023-07-30,4711.04,"Robo","Rechazada"
46,46,"2021-09-15",2021-02-26,29163.53,"Robo","Rechazada"
822,97,"2022-05-25",2022-03-12,38253.38,"Otro",NA
779,4,"2023-04-20",2023-02-06,3493.62,NA,"Pendiente"
94,123,"2023-11-14",2021-09-11,49417.09,"Robo",NA
22,161,"2021-06-22",2021-03-20,28822.3,"Otro","Pendiente"
-144,89,"2021-03-06",2023-11-06,15602.93,"Otro","Pendiente"
920,218,"2022-04-10",2023-01-30,37655.55,"Accidente",NA
314,40,"2021-08-15",2023-07-23,2999.87,"Incendio","Aprobada"
953,264,"2021-02-27",2021-03-05,28902.61,"Otro","Rechazada"
808,38,"2021-08-30",2022-04-06,33186.4,"Otro",NA
100,126,"2023-11-05",2023-04-18,NA,"Robo","Pendiente"
113,124,"2023-11-25",2021-06-12,27145.83,"Incendio","Pendiente"
657,259,"2021-01-15",2022-12-29,48575.59,"Robo","Rechazada"
602,239,"2022-02-11",2022-04-16,36803.26,"Otro","Rechazada"
499,45,"2022-04-18",2023-10-22,7734.12,"Robo","Aprobada"
-348,136,"31-12-2023",2023-02-10,5691.84,"Otro","Pendiente"
244,100,"2021-05-10",2021-12-10,37914.13,"Accidente","Rechazada"
449,118,"2022-06-08",2023-12-27,5584.48,NA,"Rechazada"
724,11,"2021-11-26",2023-12-10,5099.4,NA,"Aprobada"
880,43,"2022-08-23",2022-01-23,21087.36,"Incendio",NA
192,299,"2022-03-08",2023-05-16,26734.08,"Accidente","Invalido"
440,236,"2022-09-23",2023-10-12,40416.67,"Robo",NA
898,154,"2021-01-25",2021-07-09,20120.52,NA,"Rechazada"
269,51,"2021-08-02",2023-12-27,13177.78,"Otro",NA
591,258,"2022-05-11",2022-07-03,16101.01,"Incendio",NA
-32,223,"2022-06-27",2021-07-06,NA,NA,"Pendiente"
697,295,"2023-03-08",2023-08-04,9596.11,"Robo","Pendiente"
501,266,"2023-06-08",2021-09-05,15751.68,"Incendio","Aprobada"
165,4,"2021-03-14",2022-04-29,45373.36,"Robo","Rechazada"
901,53,"2021-08-19",2021-06-08,8823.11,NA,NA
254,94,"2023-11-01",2022-03-07,1240.69,"Robo","Aprobada"
404,288,"2022-07-25",2021-09-11,12072.67,"Robo","Pendiente"
757,149,"2022-05-24",2023-12-14,27660.77,"Accidente","Pendiente"
854,257,"2022-04-11",2023-02-07,5946.93,"Incendio",NA
92,266,"2022-10-17",2022-06-18,42044.14,"Otro","Pendiente"
-918,168,"31-12-2023",2022-12-08,20465.5,"Otro","Rechazada"
429,112,"2022-03-26",2023-05-15,33060.47,"Incendio",NA
397,146,"2021-06-06",2022-02-27,34846.55,NA,NA
944,248,"2022-09-18",2022-10-23,34176.46,"Incendio","Aprobada"
183,145,"2021-11-08",2021-08-11,29384.8,NA,"Pendiente"
440,142,"2021-09-12",2021-01-18,NA,"Accidente","Aprobada"
402,196,"2023-11-03",2021-03-29,12200.48,"Accidente","Rechazada"
573,183,"2022-12-23",2021-09-30,27740.87,"Otro","Aprobada"
252,273,"2023-04-06",2023-10-09,2629.86,NA,"Pendiente"
589,4,"2021-11-20",2022-08-27,36956.61,"Incendio","Pendiente"
-802,58,"2022-12-31",2021-05-17,27450.33,"Robo","Invalido"
817,17,"2023-09-27",2021-07-22,14964.96,"Robo","Rechazada"
450,35,"2022-05-26",2021-09-19,48853.33,"Incendio","Aprobada"
540,77,"2023-10-23",2022-10-31,1732.5,NA,NA
29,77,"2023-11-02",2021-11-04,45899.05,"Otro","Aprobada"
105,290,"2023-08-30",2022-02-03,7147.21,NA,NA
883,173,"2022-07-27",2023-08-13,32864.88,"Otro","Rechazada"
716,216,"2022-04-23",2023-10-21,6784.45,"Incendio","Rechazada"
676,125,"2021-05-24",2022-02-01,48455.11,"Incendio","Rechazada"
59,211,"2022-08-21",2023-08-23,45041.28,"Otro","Aprobada"
-767,187,"31-12-2023",2022-02-25,NA,"Otro","Rechazada"
439,93,"2022-04-03",2023-12-05,4978.44,"Robo",NA
116,53,"2021-01-29",2022-11-12,15354.92,"Robo","Rechazada"
149,130,"2022-02-18",2023-08-26,10152.39,"Incendio","Aprobada"
729,23,"2023-03-17",2022-03-24,10695.35,"Incendio","Aprobada"
362,33,"2021-12-03",2023-12-12,44987.39,"Robo","Aprobada"
445,62,"2023-01-20",2022-12-12,22736.02,"Otro","Pendiente"
828,228,"2022-05-05",2023-05-24,9923.46,"Otro","Rechazada"
832,222,"2021-10-18",2023-04-16,12008.58,"Incendio","Pendiente"
954,179,"2023-11-18",2022-04-15,24889.96,"Robo","Pendiente"
-55,299,"2022-05-04",2022-02-14,33679.58,"Otro","Pendiente"
209,5,"2023-03-28",2022-11-10,7028.81,"Accidente",NA
325,270,"2022-08-22",2023-08-21,14019.66,"Accidente","Aprobada"
567,79,"2021-04-26",2023-03-20,17229.48,"Accidente","Rechazada"
439,250,"2023-01-06",2022-09-16,32404.63,"Otro","Rechazada"
763,157,"2021-07-04",2023-05-29,NA,"Incendio","Invalido"
795,157,"2022-01-12",2022-07-04,40503.53,"Accidente","Pendiente"
432,167,"2023-08-10",2022-12-29,31744.95,"Accidente","Pendiente"
205,120,"2021-06-30",2022-12-15,13123.62,"Otro","Aprobada"
76,18,"2023-10-26",2023-11-30,40448.02,"Accidente","Pendiente"
-917,64,"31-12-2023",2023-06-16,37326.88,"Accidente","Pendiente"
130,60,"2022-09-24",2023-11-12,23965.96,"Robo","Aprobada"
262,100,"2021-10-08",2023-08-04,713.58,"Otro","Aprobada"
780,97,"2021-10-12",2021-08-20,37539.52,"Otro","Rechazada"
996,125,"2022-10-22",2023-12-21,12085.99,"Incendio","Rechazada"
496,84,"2021-10-08",2021-11-10,32070.59,"Robo","Rechazada"
923,98,"2022-01-09",2021-02-20,5235.2,NA,"Aprobada"
662,129,"2022-11-27",2021-11-01,36239.11,"Otro","Aprobada"
548,294,"2022-12-10",2023-05-27,27261.54,"Robo","Pendiente"
826,72,"2023-03-16",2022-07-12,7598.63,"Incendio","Pendiente"
-271,52,"2023-06-14",2023-11-08,NA,NA,"Aprobada"
588,231,"2021-11-12",2022-07-13,8716.47,"Otro",NA
9,67,"2023-10-03",2022-04-15,44403.71,"Otro","Aprobada"
931,21,"2023-02-22",2023-09-29,43369.54,NA,NA
226,126,"2023-02-27",2022-06-18,43227.15,"Incendio","Pendiente"
584,258,"2023-07-26",2022-10-20,29368.14,"Accidente",NA
618,284,"2021-02-01",2022-08-05,24312.01,NA,"Pendiente"
957,29,"2021-08-18",2023-03-18,14108.2,"Robo","Aprobada"
490,25,"2021-01-04",2023-07-06,47249.97,"Otro","Aprobada"
211,278,"2022-09-05",2021-11-08,25859.03,"Otro","Aprobada"
-368,286,"31-12-2023",2023-03-28,2776,"Otro","Invalido"
652,129,"2021-03-07",2022-04-27,39912.87,"Robo",NA
419,154,"2021-08-23",2021-11-01,46870.24,NA,"Aprobada"
138,187,"2022-03-05",2023-09-03,19150.7,"Incendio","Rechazada"
343,180,"2021-10-09",2021-08-22,40035.09,"Accidente","Aprobada"
600,99,"2022-03-08",2021-02-06,NA,"Robo",NA
480,102,"2023-01-03",2021-03-07,44152.06,"Otro","Aprobada"
435,207,"2021-05-17",2022-08-26,39127.29,"Robo","Aprobada"
121,242,"2022-06-26",2021-01-18,4362.99,NA,"Aprobada"
92,218,"2022-08-19",2023-04-28,45315.06,"Otro","Pendiente"
-831,237,"2021-08-31",2021-12-31,32486.73,"Accidente",NA
999,94,"2022-10-22",2023-10-27,21814.12,"Robo",NA
573,26,"2023-11-25",2023-06-23,13888.82,"Incendio","Pendiente"
993,125,"2023-09-21",2022-12-09,34817.55,"Incendio","Rechazada"
653,84,"2021-07-15",2023-10-17,15313.14,"Accidente","Pendiente"
676,164,"2021-01-03",2023-03-16,47660.59,"Robo","Pendiente"
609,140,"2021-02-17",2023-08-02,36455.22,NA,"Rechazada"
702,83,"2023-06-10",2021-05-01,38475.39,NA,NA
794,139,"2023-12-18",2023-05-14,39747.16,NA,"Aprobada"
752,184,"2022-05-23",2021-05-13,17681.37,"Robo","Aprobada"
-834,124,"31-12-2023",2021-07-28,NA,NA,"Rechazada"
930,287,"2021-07-08",2023-02-06,15846.6,"Robo",NA
538,262,"2022-09-05",2021-12-03,9275.24,"Robo","Pendiente"
932,87,"2022-06-19",2022-06-02,34440.85,"Robo","Rechazada"
565,208,"2021-01-02",2022-03-31,12941.94,"Accidente","Aprobada"
180,226,"2022-07-07",2023-08-20,5106.16,"Robo","Invalido"
217,162,"2021-12-02",2021-10-31,39385.69,"Incendio","Pendiente"
398,146,"2021-04-24",2023-06-02,38995.6,"Robo",NA
82,22,"2021-05-27",2021-07-12,49280.86,"Accidente","Pendiente"
400,13,"2023-07-31",2021-05-02,45186.47,"Incendio","Pendiente"
-108,75,"2023-11-26",2023-05-25,5972.16,NA,"Aprobada"
225,18,"2023-11-29",2023-05-22,7999.35,"Robo","Pendiente"
58,273,"2023-12-09",2022-08-15,1225.16,NA,"Aprobada"
588,136,"2021-03-27",2022-10-14,6998.32,"Otro","Pendiente"
167,244,"2021-03-18",2021-03-23,38313.3,"Robo","Aprobada"
335,181,"2021-06-12",2023-10-25,NA,"Robo","Rechazada"
329,73,"2022-07-13",2022-04-29,42788.63,"Incendio","Aprobada"
632,157,"2022-09-04",2021-06-26,21645.06,NA,"Rechazada"
711,107,"2021-08-04",2021-01-09,5345.08,"Robo","Rechazada"
491,100,"2022-05-09",2021-02-08,13342.85,"Incendio","Pendiente"
-310,217,"31-12-2023",2021-12-13,21647.98,NA,"Rechazada"
497,55,"2021-05-05",2022-10-19,34412.6,NA,"Pendiente"
720,47,"2023-03-15",2022-07-27,14856.86,"Robo","Aprobada"
20,101,"2022-07-17",2022-09-28,15371.73,"Accidente","Pendiente"
5,210,"2021-11-07",2022-08-23,24863.24,"Incendio",NA
340,28,"2021-11-23",2021-05-27,20386.28,"Incendio","Rechazada"
264,282,"2023-05-23",2021-12-05,23896.19,"Robo","Rechazada"
162,4,"2022-04-19",2021-06-01,36124.68,NA,"Aprobada"
922,81,"2021-06-22",2022-10-15,1611.54,NA,"Rechazada"
557,276,"2022-08-16",2023-01-22,23955.96,NA,NA
-951,177,"2022-07-30",2023-09-30,NA,"Otro","Invalido"
127,50,"2023-08-04",2022-03-17,12184.96,"Robo","Aprobada"
979,121,"2021-09-25",2023-10-01,38416.08,"Accidente",NA
209,235,"2022-12-03",2023-12-10,37770.77,"Accidente","Pendiente"
120,196,"2023-11-22",2022-04-22,32216.32,NA,"Rechazada"
180,116,"2023-10-28",2023-11-27,3647.64,"Otro",NA
273,264,"2022-10-05",2022-10-14,4023.08,"Accidente","Aprobada"
225,246,"2021-07-14",2023-02-06,21271.98,"Otro","Pendiente"
321,156,"2022-12-11",2021-05-18,48449.59,"Otro","Pendiente"
522,266,"2022-06-01",2021-06-25,6022.75,"Otro",NA
-168,189,"31-12-2023",2023-01-11,18965.01,"Incendio","Aprobada"
979,299,"2021-12-10",2021-08-27,10008.71,"Accidente",NA
63,262,"2021-02-11",2023-11-05,45803.89,"Robo",NA
766,5,"2021-05-30",2023-10-02,40788.51,"Incendio",NA
818,186,"2021-12-14",2022-06-13,27304.19,"Otro",NA
563,174,"2023-07-31",2022-12-16,NA,"Incendio",NA
307,86,"2022-07-17",2021-08-28,45052.3,"Incendio","Rechazada"
353,153,"2023-02-02",2023-10-01,17367.89,"Otro","Pendiente"
313,66,"2021-02-03",2021-09-26,24432.53,"Accidente","Rechazada"
756,290,"2021-12-25",2023-07-18,45651.21,"Accidente","Pendiente"
-401,291,"2022-06-04",2021-03-19,40423.98,"Accidente","Rechazada"
533,86,"2023-09-08",2023-11-15,4260.44,"Robo","Aprobada"
100,174,"2021-09-17",2021-01-11,27630.79,"Incendio",NA
232,241,"2022-05-23",2023-03-03,38197.64,"Otro","Rechazada"
805,251,"2022-11-29",2022-01-05,36468.41,"Accidente","Aprobada"
597,72,"2022-02-07",2023-11-21,35403.92,"Accidente","Invalido"
958,180,"2023-09-20",2022-05-17,38611.71,"Incendio",NA
116,239,"2022-08-17",2023-05-27,16700.62,"Otro","Pendiente"
690,208,"2022-09-29",2022-06-07,41856.56,"Otro","Pendiente"
976,268,"2021-05-06",2022-02-25,1819.71,NA,"Pendiente"
-672,91,"31-12-2023",2021-01-02,NA,"Otro","Rechazada"
72,294,"2023-12-08",2021-04-16,43824.76,"Otro",NA
437,57,"2023-09-12",2022-10-30,39152.28,"Incendio","Rechazada"
967,292,"2023-05-17",2022-10-20,49291.79,"Accidente","Aprobada"
616,231,"2023-04-03",2023-11-20,38216.34,"Robo","Pendiente"
120,290,"2021-07-23",2021-04-19,30528.13,"Otro","Pendiente"
412,285,"2022-07-25",2022-01-04,37932.79,NA,"Aprobada"
843,108,"2021-06-03",2022-03-25,37835.8,"Incendio","Aprobada"
281,167,"2022-05-24",2023-02-26,37627,NA,NA
852,51,"2023-02-27",2022-01-26,24939.49,NA,"Rechazada"
-733,139,"2022-01-07",2021-02-17,24505.73,"Robo","Aprobada"
43,283,"2022-02-28",2023-04-12,40452.72,"Otro","Aprobada"
86,82,"2022-01-03",2021-08-28,3380.65,NA,"Pendiente"
797,121,"2023-06-08",2021-04-20,28089.19,"Otro",NA
555,242,"2022-03-04",2021-06-03,33694.76,"Robo","Pendiente"
276,222,"2023-04-15",2022-05-22,NA,"Otro","Pendiente"
53,102,"2022-07-16",2021-10-12,3797.08,"Robo",NA
673,179,"2023-03-30",2022-02-25,12119.75,"Robo",NA
616,212,"2021-12-30",2022-11-24,26758.3,"Otro","Pendiente"
673,268,"2022-07-24",2023-12-30,8030.23,"Otro",NA
-671,124,"31-12-2023",2022-07-04,40764.99,NA,"Invalido"
